Workbook

Sheet 요약
A1: 예산 요약 (단위: 만 원)
A3: 구분 | B3: 하한 | C3: 상한 | D3: 미확인 항목 수
A4: 공사 | B4: =SUMIFS(예산표!$E$5:$E$28,예산표!$A$5:$A$28,A4) -> 7489 | C4: =SUMIFS(예산표!$F$5:$F$28,예산표!$A$5:$A$28,A4) -> 17392.5 | D4: =COUNTIFS(예산표!$A$5:$A$28,A4,예산표!$E$5:$E$28,"") -> 2
A5: 가전 | B5: =SUMIFS(예산표!$E$5:$E$28,예산표!$A$5:$A$28,A5) -> 1042.5 | C5: =SUMIFS(예산표!$F$5:$F$28,예산표!$A$5:$A$28,A5) -> 1488 | D5: =COUNTIFS(예산표!$A$5:$A$28,A5,예산표!$E$5:$E$28,"") -> 2
A6: 가구 | B6: =SUMIFS(예산표!$E$5:$E$28,예산표!$A$5:$A$28,A6) -> 2280.6 | C6: =SUMIFS(예산표!$F$5:$F$28,예산표!$A$5:$A$28,A6) -> 2996.8 | D6: =COUNTIFS(예산표!$A$5:$A$28,A6,예산표!$E$5:$E$28,"") -> 2
A7: 확인된 항목 합계 | B7: =SUM(B4:B6) -> 10812.1 | C7: =SUM(C4:C6) -> 21877.3 | D7: =SUM(D4:D6) -> 6
A8: 총예산 (가구 포함) | B8: 50000 | C8: =B8 -> 50000
A9: 남는 금액 | B9: =B8-B7 -> 39187.9 | C9: =C8-C7 -> 28122.7
A10: 총예산 대비 사용률 | B10: =IF(B8=0,0,B7/B8) -> 0.216242 | C10: =IF(C8=0,0,C7/C8) -> 0.437546
A12: 하한·상한은 '예산표' 시트에서 금액이 확인된 항목만 합친 값. 노란 칸(미확인)에 금액을 넣으면 자동으로 반영됨.
A13: 레이지보이 소파는 사용자 지정 1,000만 원. 나머지 금액은 웹 검색 요약(전해 들음).

Sheet 예산표
A1: 브라운스톤휘경 42평 재설계 — 예산 대조표 (단위: 만 원)
A2: 조사일 2026-09-24. 금액은 웹 검색 결과 요약에서 가져온 값(전해 들음)이며 상세페이지를 직접 확인하지 못함. 파란 글씨 = 입력값, 검은 글씨 = 수식, 노란 칸 = 금액 입력 필요.
A4: 구분 | B4: 항목 | C4: 모델 내용 | D4: 대조 제품·기준 | E4: 하한 (만 원) | F4: 상한 (만 원) | G4: 근거 수준 | H4: 출처 | I4: 비고
A5: 공사 | B5: 올수리 기본 공사 | C5: 무몰딩·히든도어·포세린 타일·강마루·라인조명 | D5: 평당 100~250만 원 × 42.49평 | E5: =42.49*100 -> 4249 | F5: =42.49*250 -> 10622.5 | G5: 전해 들음 (검색 요약) | H5: 링크 | I5: 평당 단가에 샷시·확장·에어컨이 포함된 견적이면 아래 항목과 중복
A6: 공사 | B6: 샷시 교체 | C6: 확장부 이중창 | D6: 40평대 300~600만 원 이상 | E6: 300 | F6: 600 | G6: 전해 들음 (검색 요약) | H6: 링크
A7: 공사 | B7: 발코니 확장 — 거실, 안방 | C7: 창호벽·날개벽 전부 철거 | D7: 거실 100~150 + 안방 80~120 | E7: 180 | F7: 270 | G7: 전해 들음 (검색 요약) | H7: 링크
A8: 공사 | B8: 발코니 확장 — 자녀방 2곳, 주방 뒤 | C8: 창호벽·날개벽 전부 철거 | D8: 미확인 | G8: — | I8: 금액 입력 필요
A9: 공사 | B9: 시스템에어컨 6대 | C9: 거실·주방·안방 대형, 서재·자녀방 소형 | D9: 40평대 5~6대 850~1,200만 원 | E9: 850 | F9: 1200 | G9: 전해 들음 (검색 요약) | H9: 링크
A10: 공사 | B10: 욕실 2개 | C10: 안방욕실 반신욕조 750, 공용욕실 욕조 | D10: 1개당 230(평균)~950(프리미엄) × 2 | E10: =230*2 -> 460 | F10: =950*2 -> 1900 | G10: 전해 들음 (검색 요약) | H10: 링크
A11: 공사 | B11: 주방가구 | C11: 창측 하부장, 좌우 키큰장, 인덕션 아일랜드 | D11: 한샘 키친바흐 40평 1세트 (기기·시공 제외) | E11: 900 | F11: 1500 | G11: 전해 들음 (검색 요약) | H11: 링크
A12: 공사 | B12: 붙박이장·드레스룸 | C12: 자녀방 2, 안방 드레스룸 | D12: 방당 100~300 × 2 + 드레스룸 200~500 | E12: =100*2+200 -> 400 | F12: =300*2+500 -> 1100 | G12: 전해 들음 (검색 요약) | H12: 링크
A13: 공사 | B13: 제작 가구 (신발장·팬트리·서재 책장·TV장) | D13: 미확인 | G13: — | I13: 금액 입력 필요
A14: 공사 | B14: 커튼 (거실·안방 전동) | C14: 쉬어 커튼 | D14: 30평대 거실·안방 전동 + 블라인드 약 150만 원 사례 | E14: 150 | F14: 200 | G14: 전해 들음 (검색 요약) | H14: 링크
A15: 가전 | B15: 냉장고 | C15: 좌측 키큰장 빌트인 | D15: 삼성 비스포크 4도어 키친핏 맥스 (출고가) | E15: 309 | F15: 369 | G15: 전해 들음 (검색 요약) | H15: 링크
A16: 가전 | B16: 김치냉장고 | C16: 우측 키큰장 | D16: 미확인 | G16: — | I16: 금액 입력 필요
A17: 가전 | B17: 식기세척기 + 인덕션 | C17: 아일랜드 인덕션 | D17: 삼성 비스포크 14인용 + 3구 인덕션 세트 (할인가~정가) | E17: 236.2 | F17: 268 | G17: 전해 들음 (검색 요약) | H17: 링크
A18: 가전 | B18: 천장형 후드, 오븐 | C18: 아일랜드 상부 후드, 키큰장 오븐 | D18: 미확인 | G18: — | I18: 금액 입력 필요
A19: 가전 | B19: 세탁기·건조기 | C19: 다용도실 직렬 | D19: LG 트롬 워시타워 (W2520WHM ~ WA2525EGZF) | E19: 208.3 | F19: 482 | G19: 전해 들음 (검색 요약) | H19: 링크
A20: 가전 | B20: TV 85인치 | C20: 거실 아트월 | D20: 삼성 2026년형 85인치 (미니LED ~ 네오QLED 출시가) | E20: 289 | F20: 369 | G20: 전해 들음 (검색 요약) | H20: 링크
A21: 가구 | B21: 거실 소파 — 레이지보이 | C21: 폭 약 3.2 m | D21: 레이지보이 (사용자 지정 예산) | E21: 1000 | F21: 1000 | G21: 확인됨 (사용자 지정) | I21: 사용자 지정 1,000만 원. 제품·모델명 미정
A22: 가구 | B22: 라운지체어 2개 (거실·안방 창가) | C22: 1인 체어 | D22: 레이지보이 그레이슨 1인 리클라이너 × 2 | E22: =260*2 -> 520 | F22: =299.5*2 -> 599 | G22: 전해 들음 (검색 요약) | H22: 링크
A23: 가구 | B23: 안방 킹 매트리스 | C23: 킹 침대 | D23: 시몬스 뷰티레스트 킹오브킹 (퓨전 할인가 ~ 자스민 정가) | E23: 191.3 | F23: 569 | G23: 전해 들음 (검색 요약) | H23: 링크
A24: 가구 | B24: 안방 침대 프레임 | C24: 패브릭 헤드보드 | D24: 시몬스 뷰티레스트 시트러스 킹오브킹 (할인가~정가) | E24: 408.7 | F24: 601 | G24: 전해 들음 (검색 요약) | H24: 링크
A25: 가구 | B25: 식탁 세트 | C25: 2000×900 식탁 + 의자 | D25: 포세린 세라믹 2000 6인 세트 (한샘 루엘 ~ 세리드) | E25: 72.8 | F25: 140 | G25: 전해 들음 (검색 요약) | H25: 링크
A26: 가구 | B26: 자녀방 책상 2개 | C26: 창가 책상 | D26: 일룸 링키 컴팩트 책상세트 43.9만 원 × 2 (2026-03-01 최저가) | E26: =43.9*2 -> 87.8 | F26: =43.9*2 -> 87.8 | G26: 전해 들음 (검색 요약) | H26: 링크
A27: 가구 | B27: 자녀방 침대 2개 | C27: 싱글 | D27: 미확인 | G27: — | I27: 금액 입력 필요
A28: 가구 | B28: 서재 소파베드·의자, 화장대, 조명, 러그 | D28: 미확인 | G28: — | I28: 금액 입력 필요
A30: 주의: 올수리 평당 단가에 샷시·확장·에어컨이 이미 포함된 견적도 있어 공사 합계에 중복이 있을 수 있음.
